News,https://apnews.com
Slash,https://alterslash.org
Anvil,https://acmeproducts.github.io/project-anvil
Catalog,https://acmeproducts.github.io/catalog
Economist,https://www.economist.com/
TestiFrame,https://iframetester.com
You,https://you.com/?chatMode=user_mode_f41222f9-c69a-49d4-8edd-f76bf5e36618
Calc,file:///C:/Users/mike_/Downloads/calc.html
Nested,https://acmeproducts.github.io/catalog-main/Anvil/RollerSkates/
Story,https://thestorybehindpodcast.com/luck-superstitions-series
CNET,https://cnet.com
Focus,https://pomofocus.io/
AI List,https://www.listedai.co/ai-tools/education/ai-search-engines
WSJ,https://wsj.com
Placeholder,https://www.search.com
